Store,Date,Forecast,WeekOfYear,Lower_95,Upper_95,Expected_MAPE
1,2012-11-02,1715728.0,44,1647300.0,1784156.0,2.03
1,2012-11-09,1642987.0,45,1577460.0,1708514.0,2.03
1,2012-11-16,1599325.0,46,1535539.0,1663111.0,2.03
1,2012-11-23,2057996.0,47,1975917.0,2140075.0,2.03
1,2012-11-30,1634129.0,48,1568955.0,1699303.0,2.03
1,2012-12-07,1805829.0,49,1733807.0,1877851.0,2.03
1,2012-12-14,1891910.0,50,1816455.0,1967365.0,2.03
1,2012-12-21,2206029.0,51,2118046.0,2294012.0,2.03
1,2012-12-28,1582913.0,52,1519782.0,1646044.0,2.03
1,2013-01-04,1600870.0,1,1537023.0,1664717.0,2.03
1,2013-01-11,1508703.0,2,1448532.0,1568874.0,2.03
1,2013-01-18,1448668.0,3,1390891.0,1506445.0,2.03
2,2012-11-02,1960334.0,44,1851956.0,2068712.0,2.82
2,2012-11-09,1966722.0,45,1857991.0,2075453.0,2.82
2,2012-11-16,1963105.0,46,1854574.0,2071636.0,2.82
2,2012-11-23,2404062.0,47,2271153.0,2536971.0,2.82
2,2012-11-30,1989865.0,48,1879855.0,2099875.0,2.82
2,2012-12-07,2222153.0,49,2099301.0,2345005.0,2.82
2,2012-12-14,2328060.0,50,2199352.0,2456768.0,2.82
2,2012-12-21,2874202.0,51,2715301.0,3033103.0,2.82
2,2012-12-28,1951419.0,52,1843534.0,2059304.0,2.82
2,2013-01-04,1837774.0,1,1736172.0,1939376.0,2.82
2,2013-01-11,1797260.0,2,1697898.0,1896622.0,2.82
2,2013-01-18,1765016.0,3,1667437.0,1862595.0,2.82
3,2012-11-02,455621.0,44,429491.0,481751.0,2.93
3,2012-11-09,431580.0,45,406829.0,456331.0,2.93
3,2012-11-16,422102.0,46,397894.0,446310.0,2.93
3,2012-11-23,510350.0,47,481081.0,539619.0,2.93
3,2012-11-30,456045.0,48,429891.0,482199.0,2.93
3,2012-12-07,456537.0,49,430355.0,482719.0,2.93
3,2012-12-14,482069.0,50,454422.0,509716.0,2.93
3,2012-12-21,511074.0,51,481764.0,540384.0,2.93
3,2012-12-28,434997.0,52,410050.0,459944.0,2.93
3,2013-01-04,415207.0,1,391395.0,439019.0,2.93
3,2013-01-11,410360.0,2,386826.0,433894.0,2.93
3,2013-01-18,410727.0,3,387172.0,434282.0,2.93
4,2012-11-02,2284291.0,44,2160270.0,2408312.0,2.77
4,2012-11-09,2261050.0,45,2138291.0,2383809.0,2.77
4,2012-11-16,2278993.0,46,2155260.0,2402726.0,2.77
4,2012-11-23,2827796.0,47,2674267.0,2981325.0,2.77
4,2012-11-30,2246347.0,48,2124386.0,2368308.0,2.77
4,2012-12-07,2376216.0,49,2247204.0,2505228.0,2.77
4,2012-12-14,2762226.0,50,2612257.0,2912195.0,2.77
4,2012-12-21,3497802.0,51,3307896.0,3687708.0,2.77
4,2012-12-28,2161068.0,52,2043737.0,2278399.0,2.77
4,2013-01-04,2179984.0,1,2061626.0,2298342.0,2.77
4,2013-01-11,2036919.0,2,1926329.0,2147509.0,2.77
4,2013-01-18,2162742.0,3,2045321.0,2280163.0,2.77
5,2012-11-02,340447.0,44,311277.0,369617.0,4.37
5,2012-11-09,331192.0,45,302815.0,359569.0,4.37
5,2012-11-16,324591.0,46,296780.0,352402.0,4.37
5,2012-11-23,446685.0,47,408412.0,484958.0,4.37
5,2012-11-30,346301.0,48,316629.0,375973.0,4.37
5,2012-12-07,347338.0,49,317578.0,377098.0,4.37
5,2012-12-14,347005.0,50,317273.0,376737.0,4.37
5,2012-12-21,410630.0,51,375447.0,445813.0,4.37
5,2012-12-28,344593.0,52,315068.0,374118.0,4.37
5,2013-01-04,328991.0,1,300803.0,357179.0,4.37
5,2013-01-11,316883.0,2,289732.0,344034.0,4.37
5,2013-01-18,315087.0,3,288090.0,342084.0,4.37
6,2012-11-02,1560380.0,44,1487518.0,1633242.0,2.38
6,2012-11-09,1614195.0,45,1538821.0,1689569.0,2.38
6,2012-11-16,1561346.0,46,1488439.0,1634253.0,2.38
6,2012-11-23,2203165.0,47,2100289.0,2306041.0,2.38
6,2012-11-30,1749807.0,48,1668100.0,1831514.0,2.38
6,2012-12-07,1917542.0,49,1828003.0,2007081.0,2.38
6,2012-12-14,2074005.0,50,1977160.0,2170850.0,2.38
6,2012-12-21,2573193.0,51,2453038.0,2693348.0,2.38
6,2012-12-28,1662963.0,52,1585311.0,1740615.0,2.38
6,2013-01-04,1451319.0,1,1383550.0,1519088.0,2.38
6,2013-01-11,1396256.0,2,1331058.0,1461454.0,2.38
6,2013-01-18,1385921.0,3,1321206.0,1450636.0,2.38
7,2012-11-02,567292.0,44,455289.0,679295.0,10.07
7,2012-11-09,557535.0,45,447458.0,667612.0,10.07
7,2012-11-16,548113.0,46,439896.0,656330.0,10.07
7,2012-11-23,921717.0,47,739738.0,1103696.0,10.07
7,2012-11-30,616238.0,48,494571.0,737905.0,10.07
7,2012-12-07,660381.0,49,529999.0,790763.0,10.07
7,2012-12-14,708534.0,50,568645.0,848423.0,10.07
7,2012-12-21,1053850.0,51,845783.0,1261917.0,10.07
7,2012-12-28,802876.0,52,644360.0,961392.0,10.07
7,2013-01-04,696630.0,1,559091.0,834169.0,10.07
7,2013-01-11,619687.0,2,497339.0,742035.0,10.07
7,2013-01-18,601557.0,3,482789.0,720325.0,10.07
8,2012-11-02,959127.0,44,906531.0,1011723.0,2.8
8,2012-11-09,940429.0,45,888858.0,992000.0,2.8
8,2012-11-16,929449.0,46,878480.0,980418.0,2.8
8,2012-11-23,1196052.0,47,1130464.0,1261640.0,2.8
8,2012-11-30,1014991.0,48,959331.0,1070651.0,2.8
8,2012-12-07,1057711.0,49,999709.0,1115713.0,2.8
8,2012-12-14,1133940.0,50,1071758.0,1196122.0,2.8
8,2012-12-21,1391875.0,51,1315548.0,1468202.0,2.8
8,2012-12-28,965990.0,52,913018.0,1018962.0,2.8
8,2013-01-04,901762.0,1,852312.0,951212.0,2.8
8,2013-01-11,864581.0,2,817170.0,911992.0,2.8
8,2013-01-18,860300.0,3,813123.0,907477.0,2.8
9,2012-11-02,605649.0,44,562277.0,649021.0,3.65
9,2012-11-09,610215.0,45,566516.0,653914.0,3.65
9,2012-11-16,562786.0,46,522484.0,603088.0,3.65
9,2012-11-23,808991.0,47,751057.0,866925.0,3.65
9,2012-11-30,643466.0,48,597386.0,689546.0,3.65
9,2012-12-07,642860.0,49,596823.0,688897.0,3.65
9,2012-12-14,695477.0,50,645672.0,745282.0,3.65
9,2012-12-21,901970.0,51,837378.0,966562.0,3.65
9,2012-12-28,579684.0,52,538172.0,621196.0,3.65
9,2013-01-04,549846.0,1,510470.0,589222.0,3.65
9,2013-01-11,501675.0,2,465749.0,537601.0,3.65
9,2013-01-18,512437.0,3,475740.0,549134.0,3.65
10,2012-11-02,1887209.0,44,1776954.0,1997464.0,2.98
10,2012-11-09,2075057.0,45,1953828.0,2196286.0,2.98
10,2012-11-16,1896873.0,46,1786054.0,2007692.0,2.98
10,2012-11-23,2770312.0,47,2608465.0,2932159.0,2.98
10,2012-11-30,2069151.0,48,1948267.0,2190035.0,2.98
10,2012-12-07,2282790.0,49,2149425.0,2416155.0,2.98
10,2012-12-14,2389386.0,50,2249793.0,2528979.0,2.98
10,2012-12-21,3311814.0,51,3118331.0,3505297.0,2.98
10,2012-12-28,1926436.0,52,1813890.0,2038982.0,2.98
10,2013-01-04,1711226.0,1,1611253.0,1811199.0,2.98
10,2013-01-11,1684593.0,2,1586176.0,1783010.0,2.98
10,2013-01-18,1676198.0,3,1578271.0,1774125.0,2.98
11,2012-11-02,1436490.0,44,1306186.0,1566794.0,4.63
11,2012-11-09,1367351.0,45,1243318.0,1491384.0,4.63
11,2012-11-16,1324877.0,46,1204697.0,1445057.0,4.63
11,2012-11-23,1874834.0,47,1704767.0,2044901.0,4.63
11,2012-11-30,1402863.0,48,1275609.0,1530117.0,4.63
11,2012-12-07,1644778.0,49,1495580.0,1793976.0,4.63
11,2012-12-14,1777614.0,50,1616366.0,1938862.0,4.63
11,2012-12-21,2182219.0,51,1984270.0,2380168.0,4.63
11,2012-12-28,1389474.0,52,1263435.0,1515513.0,4.63
11,2013-01-04,1288808.0,1,1171900.0,1405716.0,4.63
11,2013-01-11,1301175.0,2,1183145.0,1419205.0,4.63
11,2013-01-18,1286998.0,3,1170254.0,1403742.0,4.63
12,2012-11-02,1056995.0,44,1006282.0,1107708.0,2.45
12,2012-11-09,1109252.0,45,1056032.0,1162472.0,2.45
12,2012-11-16,1008271.0,46,959896.0,1056646.0,2.45
12,2012-11-23,1534171.0,47,1460564.0,1607778.0,2.45
12,2012-11-30,1062958.0,48,1011959.0,1113957.0,2.45
12,2012-12-07,1130646.0,49,1076399.0,1184893.0,2.45
12,2012-12-14,1254019.0,50,1193853.0,1314185.0,2.45
12,2012-12-21,1567296.0,51,1492100.0,1642492.0,2.45
12,2012-12-28,1107252.0,52,1054128.0,1160376.0,2.45
12,2013-01-04,981090.0,1,934019.0,1028161.0,2.45
12,2013-01-11,913773.0,2,869932.0,957614.0,2.45
12,2013-01-18,913375.0,3,869553.0,957197.0,2.45
13,2012-11-02,2129584.0,44,1975561.0,2283607.0,3.69
13,2012-11-09,2147228.0,45,1991929.0,2302527.0,3.69
13,2012-11-16,2130612.0,46,1976515.0,2284709.0,3.69
13,2012-11-23,2818398.0,47,2614556.0,3022240.0,3.69
13,2012-11-30,2178574.0,48,2021008.0,2336140.0,3.69
13,2012-12-07,2376080.0,49,2204229.0,2547931.0,3.69
13,2012-12-14,2689688.0,50,2495155.0,2884221.0,3.69
13,2012-12-21,3492734.0,51,3240121.0,3745347.0,3.69
13,2012-12-28,2080059.0,52,1929618.0,2230500.0,3.69
13,2013-01-04,2000023.0,1,1855371.0,2144675.0,3.69
13,2013-01-11,1950311.0,2,1809254.0,2091368.0,3.69
13,2013-01-18,1942450.0,3,1801962.0,2082938.0,3.69
14,2012-11-02,1851160.0,44,1556513.0,2145807.0,8.12
14,2012-11-09,1801865.0,45,1515064.0,2088666.0,8.12
14,2012-11-16,1715962.0,46,1442835.0,1989089.0,8.12
14,2012-11-23,2572305.0,47,2162875.0,2981735.0,8.12
14,2012-11-30,1872058.0,48,1574085.0,2170031.0,8.12
14,2012-12-07,2112460.0,49,1776222.0,2448698.0,8.12
14,2012-12-14,2218796.0,50,1865633.0,2571959.0,8.12
14,2012-12-21,3292930.0,51,2768799.0,3817061.0,8.12
14,2012-12-28,1702443.0,52,1431467.0,1973419.0,8.12
14,2013-01-04,1614558.0,1,1357571.0,1871545.0,8.12
14,2013-01-11,1574963.0,2,1324278.0,1825648.0,8.12
14,2013-01-18,1591100.0,3,1337847.0,1844353.0,8.12
15,2012-11-02,610991.0,44,567131.0,654851.0,3.66
15,2012-11-09,613713.0,45,569658.0,657768.0,3.66
15,2012-11-16,589170.0,46,546877.0,631463.0,3.66
15,2012-11-23,1069772.0,47,992979.0,1146565.0,3.66
15,2012-11-30,655387.0,48,608340.0,702434.0,3.66
15,2012-12-07,731626.0,49,679106.0,784146.0,3.66
15,2012-12-14,800503.0,50,743039.0,857967.0,3.66
15,2012-12-21,1106996.0,51,1027531.0,1186461.0,3.66
15,2012-12-28,620652.0,52,576099.0,665205.0,3.66
15,2013-01-04,528492.0,1,490554.0,566430.0,3.66
15,2013-01-11,481206.0,2,446663.0,515749.0,3.66
15,2013-01-18,497649.0,3,461925.0,533373.0,3.66
16,2012-11-02,513118.0,44,462477.0,563759.0,5.04
16,2012-11-09,514506.0,45,463728.0,565284.0,5.04
16,2012-11-16,490269.0,46,441883.0,538655.0,5.04
16,2012-11-23,692686.0,47,624323.0,761049.0,5.04
16,2012-11-30,548880.0,48,494709.0,603051.0,5.04
16,2012-12-07,584625.0,49,526926.0,642324.0,5.04
16,2012-12-14,670046.0,50,603917.0,736175.0,5.04
16,2012-12-21,922549.0,51,831500.0,1013598.0,5.04
16,2012-12-28,669279.0,52,603226.0,735332.0,5.04
16,2013-01-04,578535.0,1,521437.0,635633.0,5.04
16,2013-01-11,509337.0,2,459069.0,559605.0,5.04
16,2013-01-18,480817.0,3,433364.0,528270.0,5.04
17,2012-11-02,972251.0,44,912884.0,1031618.0,3.12
17,2012-11-09,955820.0,45,897456.0,1014184.0,3.12
17,2012-11-16,936822.0,46,879618.0,994026.0,3.12
17,2012-11-23,1188581.0,47,1116004.0,1261158.0,3.12
17,2012-11-30,983206.0,48,923170.0,1043242.0,3.12
17,2012-12-07,988951.0,49,928564.0,1049338.0,3.12
17,2012-12-14,1074652.0,50,1009032.0,1140272.0,3.12
17,2012-12-21,1261505.0,51,1184476.0,1338534.0,3.12
17,2012-12-28,887245.0,52,833068.0,941422.0,3.12
17,2013-01-04,1149873.0,1,1079660.0,1220086.0,3.12
17,2013-01-11,962545.0,2,903771.0,1021319.0,3.12
17,2013-01-18,865852.0,3,812982.0,918722.0,3.12
18,2012-11-02,1106643.0,44,870275.0,1343011.0,10.9
18,2012-11-09,1088365.0,45,855901.0,1320829.0,10.9
18,2012-11-16,1077960.0,46,847718.0,1308202.0,10.9
18,2012-11-23,1595780.0,47,1254937.0,1936623.0,10.9
18,2012-11-30,1104078.0,48,868258.0,1339898.0,10.9
18,2012-12-07,1288697.0,49,1013444.0,1563950.0,10.9
18,2012-12-14,1486016.0,50,1168617.0,1803415.0,10.9
18,2012-12-21,1785824.0,51,1404389.0,2167259.0,10.9
18,2012-12-28,1032243.0,52,811766.0,1252720.0,10.9
18,2013-01-04,975199.0,1,766906.0,1183492.0,10.9
18,2013-01-11,932679.0,2,733468.0,1131890.0,10.9
18,2013-01-18,946796.0,3,744570.0,1149022.0,10.9
19,2012-11-02,1483261.0,44,1405774.0,1560748.0,2.67
19,2012-11-09,1488073.0,45,1410335.0,1565811.0,2.67
19,2012-11-16,1382638.0,46,1310408.0,1454868.0,2.67
19,2012-11-23,1795091.0,47,1701314.0,1888868.0,2.67
19,2012-11-30,1495614.0,48,1417482.0,1573746.0,2.67
19,2012-12-07,1689409.0,49,1601153.0,1777665.0,2.67
19,2012-12-14,1801587.0,50,1707470.0,1895704.0,2.67
19,2012-12-21,2118926.0,51,2008231.0,2229621.0,2.67
19,2012-12-28,1381270.0,52,1309111.0,1453429.0,2.67
19,2013-01-04,1311170.0,1,1242673.0,1379667.0,2.67
19,2013-01-11,1241116.0,2,1176279.0,1305953.0,2.67
19,2013-01-18,1316008.0,3,1247259.0,1384757.0,2.67
20,2012-11-02,2218441.0,44,2109725.0,2327157.0,2.5
20,2012-11-09,2246805.0,45,2136699.0,2356911.0,2.5
20,2012-11-16,2208547.0,46,2100315.0,2316779.0,2.5
20,2012-11-23,2796264.0,47,2659231.0,2933297.0,2.5
20,2012-11-30,2252500.0,48,2142114.0,2362886.0,2.5
20,2012-12-07,2350783.0,49,2235581.0,2465985.0,2.5
20,2012-12-14,2686913.0,50,2555239.0,2818587.0,2.5
20,2012-12-21,3457743.0,51,3288294.0,3627192.0,2.5
20,2012-12-28,2135522.0,52,2030869.0,2240175.0,2.5
20,2013-01-04,2018122.0,1,1919222.0,2117022.0,2.5
20,2013-01-11,1998871.0,2,1900915.0,2096827.0,2.5
20,2013-01-18,1978149.0,3,1881208.0,2075090.0,2.5
21,2012-11-02,716457.0,44,637742.0,795172.0,5.61
21,2012-11-09,717720.0,45,638867.0,796573.0,5.61
21,2012-11-16,710513.0,46,632451.0,788575.0,5.61
21,2012-11-23,1170449.0,47,1041856.0,1299042.0,5.61
21,2012-11-30,729756.0,48,649580.0,809932.0,5.61
21,2012-12-07,895571.0,49,797178.0,993964.0,5.61
21,2012-12-14,1020557.0,50,908432.0,1132682.0,5.61
21,2012-12-21,1301199.0,51,1158241.0,1444157.0,5.61
21,2012-12-28,766542.0,52,682325.0,850759.0,5.61
21,2013-01-04,707735.0,1,629979.0,785491.0,5.61
21,2013-01-11,644652.0,2,573826.0,715478.0,5.61
21,2013-01-18,647393.0,3,576266.0,718520.0,5.61
22,2012-11-02,1104180.0,44,1033315.0,1175045.0,3.27
22,2012-11-09,1064484.0,45,996167.0,1132801.0,3.27
22,2012-11-16,1043687.0,46,976705.0,1110669.0,3.27
22,2012-11-23,1479936.0,47,1384956.0,1574916.0,3.27
22,2012-11-30,1111576.0,48,1040237.0,1182915.0,3.27
22,2012-12-07,1246092.0,49,1166120.0,1326064.0,3.27
22,2012-12-14,1421283.0,50,1330067.0,1512499.0,3.27
22,2012-12-21,1785909.0,51,1671292.0,1900526.0,3.27
22,2012-12-28,1004552.0,52,940081.0,1069023.0,3.27
22,2013-01-04,926508.0,1,867046.0,985970.0,3.27
22,2013-01-11,912911.0,2,854322.0,971500.0,3.27
22,2013-01-18,922384.0,3,863187.0,981581.0,3.27
23,2012-11-02,1430973.0,44,1331245.0,1530701.0,3.56
23,2012-11-09,1439882.0,45,1339533.0,1540231.0,3.56
23,2012-11-16,1362858.0,46,1267877.0,1457839.0,3.56
23,2012-11-23,2061210.0,47,1917559.0,2204861.0,3.56
23,2012-11-30,1520558.0,48,1414586.0,1626530.0,3.56
23,2012-12-07,1833953.0,49,1706140.0,1961766.0,3.56
23,2012-12-14,2175380.0,50,2023772.0,2326988.0,3.56
23,2012-12-21,2432937.0,51,2263379.0,2602495.0,3.56
23,2012-12-28,1335376.0,52,1242310.0,1428442.0,3.56
23,2013-01-04,1247245.0,1,1160321.0,1334169.0,3.56
23,2013-01-11,1153194.0,2,1072825.0,1233563.0,3.56
23,2013-01-18,1234179.0,3,1148166.0,1320192.0,3.56
24,2012-11-02,1358054.0,44,1243320.0,1472788.0,4.31
24,2012-11-09,1436212.0,45,1314874.0,1557550.0,4.31
24,2012-11-16,1318442.0,46,1207054.0,1429830.0,4.31
24,2012-11-23,1638998.0,47,1500528.0,1777468.0,4.31
24,2012-11-30,1380309.0,48,1263694.0,1496924.0,4.31
24,2012-12-07,1486898.0,49,1361278.0,1612518.0,4.31
24,2012-12-14,1596320.0,50,1461456.0,1731184.0,4.31
24,2012-12-21,1932783.0,51,1769493.0,2096073.0,4.31
24,2012-12-28,1370117.0,52,1254363.0,1485871.0,4.31
24,2013-01-04,1296774.0,1,1187217.0,1406331.0,4.31
24,2013-01-11,1226226.0,2,1122629.0,1329823.0,4.31
24,2013-01-18,1208924.0,3,1106789.0,1311059.0,4.31
25,2012-11-02,717020.0,44,682145.0,751895.0,2.48
25,2012-11-09,710148.0,45,675607.0,744689.0,2.48
25,2012-11-16,710550.0,46,675990.0,745110.0,2.48
25,2012-11-23,1092886.0,47,1039730.0,1146042.0,2.48
25,2012-11-30,831846.0,48,791386.0,872306.0,2.48
25,2012-12-07,921934.0,49,877093.0,966775.0,2.48
25,2012-12-14,994619.0,50,946242.0,1042996.0,2.48
25,2012-12-21,1227482.0,51,1167779.0,1287185.0,2.48
25,2012-12-28,756815.0,52,720005.0,793625.0,2.48
25,2013-01-04,666939.0,1,634500.0,699378.0,2.48
25,2013-01-11,656017.0,2,624109.0,687925.0,2.48
25,2013-01-18,646903.0,3,615439.0,678367.0,2.48
26,2012-11-02,1010479.0,44,968322.0,1052636.0,2.13
26,2012-11-09,1057192.0,45,1013087.0,1101297.0,2.13
26,2012-11-16,1011004.0,46,968826.0,1053182.0,2.13
26,2012-11-23,1224374.0,47,1173294.0,1275454.0,2.13
26,2012-11-30,1039538.0,48,996169.0,1082907.0,2.13
26,2012-12-07,1119149.0,49,1072459.0,1165839.0,2.13
26,2012-12-14,1147139.0,50,1099281.0,1194997.0,2.13
26,2012-12-21,1478817.0,51,1417122.0,1540512.0,2.13
26,2012-12-28,999670.0,52,957964.0,1041376.0,2.13
26,2013-01-04,973549.0,1,932933.0,1014165.0,2.13
26,2013-01-11,886935.0,2,849933.0,923937.0,2.13
26,2013-01-18,879376.0,3,842689.0,916063.0,2.13
27,2012-11-02,1585159.0,44,1470833.0,1699485.0,3.68
27,2012-11-09,1744163.0,45,1618369.0,1869957.0,3.68
27,2012-11-16,1711512.0,46,1588073.0,1834951.0,3.68
27,2012-11-23,2118888.0,47,1966068.0,2271708.0,3.68
27,2012-11-30,1770256.0,48,1642581.0,1897931.0,3.68
27,2012-12-07,1793845.0,49,1664468.0,1923222.0,3.68
27,2012-12-14,1953799.0,50,1812886.0,2094712.0,3.68
27,2012-12-21,2605759.0,51,2417825.0,2793693.0,3.68
27,2012-12-28,1607578.0,52,1491635.0,1723521.0,3.68
27,2013-01-04,1585230.0,1,1470899.0,1699561.0,3.68
27,2013-01-11,1551185.0,2,1439310.0,1663060.0,3.68
27,2013-01-18,1567102.0,3,1454079.0,1680125.0,3.68
28,2012-11-02,1496663.0,44,1353618.0,1639708.0,4.88
28,2012-11-09,1419421.0,45,1283758.0,1555084.0,4.88
28,2012-11-16,1282286.0,46,1159730.0,1404842.0,4.88
28,2012-11-23,1757909.0,47,1589895.0,1925923.0,4.88
28,2012-11-30,1406339.0,48,1271927.0,1540751.0,4.88
28,2012-12-07,1433647.0,49,1296625.0,1570669.0,4.88
28,2012-12-14,1430896.0,50,1294137.0,1567655.0,4.88
28,2012-12-21,1624149.0,51,1468919.0,1779379.0,4.88
28,2012-12-28,1342028.0,52,1213762.0,1470294.0,4.88
28,2013-01-04,1390471.0,1,1257575.0,1523367.0,4.88
28,2013-01-11,1200178.0,2,1085470.0,1314886.0,4.88
28,2013-01-18,1142797.0,3,1033573.0,1252021.0,4.88
29,2012-11-02,619071.0,44,568598.0,669544.0,4.16
29,2012-11-09,550023.0,45,505180.0,594866.0,4.16
29,2012-11-16,522455.0,46,479859.0,565051.0,4.16
29,2012-11-23,907598.0,47,833602.0,981594.0,4.16
29,2012-11-30,594640.0,48,546159.0,643121.0,4.16
29,2012-12-07,628509.0,49,577267.0,679751.0,4.16
29,2012-12-14,717193.0,50,658720.0,775666.0,4.16
29,2012-12-21,1030230.0,51,946236.0,1114224.0,4.16
29,2012-12-28,599840.0,52,550935.0,648745.0,4.16
29,2013-01-04,483695.0,1,444259.0,523131.0,4.16
29,2013-01-11,466417.0,2,428390.0,504444.0,4.16
29,2013-01-18,465394.0,3,427451.0,503337.0,4.16
30,2012-11-02,435301.0,44,408381.0,462221.0,3.16
30,2012-11-09,431187.0,45,404521.0,457853.0,3.16
30,2012-11-16,439566.0,46,412382.0,466750.0,3.16
30,2012-11-23,450416.0,47,422561.0,478271.0,3.16
30,2012-11-30,428037.0,48,401566.0,454508.0,3.16
30,2012-12-07,436364.0,49,409378.0,463350.0,3.16
30,2012-12-14,439991.0,50,412781.0,467201.0,3.16
30,2012-12-21,457733.0,51,429426.0,486040.0,3.16
30,2012-12-28,414320.0,52,388697.0,439943.0,3.16
30,2013-01-04,449986.0,1,422158.0,477814.0,3.16
30,2013-01-11,442796.0,2,415412.0,470180.0,3.16
30,2013-01-18,436692.0,3,409686.0,463698.0,3.16
31,2012-11-02,1414063.0,44,1298122.0,1530004.0,4.18
31,2012-11-09,1427054.0,45,1310048.0,1544060.0,4.18
31,2012-11-16,1427523.0,46,1310478.0,1544568.0,4.18
31,2012-11-23,1912870.0,47,1756031.0,2069709.0,4.18
31,2012-11-30,1415970.0,48,1299873.0,1532067.0,4.18
31,2012-12-07,1551672.0,49,1424448.0,1678896.0,4.18
31,2012-12-14,1644705.0,50,1509853.0,1779557.0,4.18
31,2012-12-21,2055018.0,51,1886524.0,2223512.0,4.18
31,2012-12-28,1397162.0,52,1282607.0,1511717.0,4.18
31,2013-01-04,1391348.0,1,1277270.0,1505426.0,4.18
31,2013-01-11,1383021.0,2,1269625.0,1496417.0,4.18
31,2013-01-18,1377145.0,3,1264231.0,1490059.0,4.18
32,2012-11-02,1230890.0,44,1166459.0,1295321.0,2.67
32,2012-11-09,1225986.0,45,1161812.0,1290160.0,2.67
32,2012-11-16,1215877.0,46,1152232.0,1279522.0,2.67
32,2012-11-23,1669596.0,47,1582201.0,1756991.0,2.67
32,2012-11-30,1242188.0,48,1177166.0,1307210.0,2.67
32,2012-12-07,1399432.0,49,1326179.0,1472685.0,2.67
32,2012-12-14,1537179.0,50,1456715.0,1617643.0,2.67
32,2012-12-21,1837360.0,51,1741183.0,1933537.0,2.67
32,2012-12-28,1195273.0,52,1132706.0,1257840.0,2.67
32,2013-01-04,1143487.0,1,1083631.0,1203343.0,2.67
32,2013-01-11,1131290.0,2,1072072.0,1190508.0,2.67
32,2013-01-18,1132495.0,3,1073214.0,1191776.0,2.67
33,2012-11-02,252404.0,44,233987.0,270821.0,3.72
33,2012-11-09,282686.0,45,262059.0,303313.0,3.72
33,2012-11-16,268402.0,46,248817.0,287987.0,3.72
33,2012-11-23,269535.0,47,249868.0,289202.0,3.72
33,2012-11-30,248899.0,48,230737.0,267061.0,3.72
33,2012-12-07,280546.0,49,260075.0,301017.0,3.72
33,2012-12-14,273988.0,50,253996.0,293980.0,3.72
33,2012-12-21,271249.0,51,251457.0,291041.0,3.72
33,2012-12-28,249587.0,52,231375.0,267799.0,3.72
33,2013-01-04,278784.0,1,258442.0,299126.0,3.72
33,2013-01-11,289381.0,2,268266.0,310496.0,3.72
33,2013-01-18,261420.0,3,242345.0,280495.0,3.72
34,2012-11-02,1033148.0,44,996894.0,1069402.0,1.79
34,2012-11-09,1034553.0,45,998250.0,1070856.0,1.79
34,2012-11-16,995431.0,46,960501.0,1030361.0,1.79
34,2012-11-23,1298580.0,47,1253012.0,1344148.0,1.79
34,2012-11-30,1016745.0,48,981067.0,1052423.0,1.79
34,2012-12-07,1082928.0,49,1044928.0,1120928.0,1.79
34,2012-12-14,1143763.0,50,1103628.0,1183898.0,1.79
34,2012-12-21,1542910.0,51,1488769.0,1597051.0,1.79
34,2012-12-28,997606.0,52,962600.0,1032612.0,1.79
34,2013-01-04,973378.0,1,939222.0,1007534.0,1.79
34,2013-01-11,945523.0,2,912344.0,978702.0,1.79
34,2013-01-18,942196.0,3,909134.0,975258.0,1.79
35,2012-11-02,733482.0,44,641407.0,825557.0,6.4
35,2012-11-09,864680.0,45,756135.0,973225.0,6.4
35,2012-11-16,872458.0,46,762937.0,981979.0,6.4
35,2012-11-23,1624560.0,47,1420626.0,1828494.0,6.4
35,2012-11-30,969477.0,48,847777.0,1091177.0,6.4
35,2012-12-07,964752.0,49,843645.0,1085859.0,6.4
35,2012-12-14,1002192.0,50,876385.0,1127999.0,6.4
35,2012-12-21,1491611.0,51,1304366.0,1678856.0,6.4
35,2012-12-28,968936.0,52,847304.0,1090568.0,6.4
35,2013-01-04,746128.0,1,652465.0,839791.0,6.4
35,2013-01-11,654146.0,2,572030.0,736262.0,6.4
35,2013-01-18,670579.0,3,586400.0,754758.0,6.4
36,2012-11-02,293609.0,44,235395.0,351823.0,10.12
36,2012-11-09,296578.0,45,237776.0,355380.0,10.12
36,2012-11-16,299210.0,46,239886.0,358534.0,10.12
36,2012-11-23,300286.0,47,240748.0,359824.0,10.12
36,2012-11-30,297371.0,48,238411.0,356331.0,10.12
36,2012-12-07,303561.0,49,243374.0,363748.0,10.12
36,2012-12-14,328934.0,50,263716.0,394152.0,10.12
36,2012-12-21,310458.0,51,248904.0,372012.0,10.12
36,2012-12-28,296356.0,52,237598.0,355114.0,10.12
36,2013-01-04,306189.0,1,245481.0,366897.0,10.12
36,2013-01-11,304709.0,2,244295.0,365123.0,10.12
36,2013-01-18,313911.0,3,251672.0,376150.0,10.12
37,2012-11-02,554396.0,44,537604.0,571188.0,1.55
37,2012-11-09,520798.0,45,505024.0,536572.0,1.55
37,2012-11-16,532083.0,46,515967.0,548199.0,1.55
37,2012-11-23,543988.0,47,527512.0,560464.0,1.55
37,2012-11-30,542939.0,48,526494.0,559384.0,1.55
37,2012-12-07,545417.0,49,528897.0,561937.0,1.55
37,2012-12-14,542426.0,50,525997.0,558855.0,1.55
37,2012-12-21,615753.0,51,597103.0,634403.0,1.55
37,2012-12-28,502279.0,52,487066.0,517492.0,1.55
37,2013-01-04,557371.0,1,540489.0,574253.0,1.55
37,2013-01-11,552864.0,2,536119.0,569609.0,1.55
37,2013-01-18,549531.0,3,532887.0,566175.0,1.55
38,2012-11-02,455780.0,44,425944.0,485616.0,3.34
38,2012-11-09,433450.0,45,405076.0,461824.0,3.34
38,2012-11-16,420802.0,46,393256.0,448348.0,3.34
38,2012-11-23,422248.0,47,394607.0,449889.0,3.34
38,2012-11-30,434293.0,48,405864.0,462722.0,3.34
38,2012-12-07,453117.0,49,423455.0,482779.0,3.34
38,2012-12-14,429124.0,50,401033.0,457215.0,3.34
38,2012-12-21,431892.0,51,403620.0,460164.0,3.34
38,2012-12-28,417554.0,52,390220.0,444888.0,3.34
38,2013-01-04,453381.0,1,423702.0,483060.0,3.34
38,2013-01-11,431349.0,2,403112.0,459586.0,3.34
38,2013-01-18,429342.0,3,401237.0,457447.0,3.34
39,2012-11-02,1620086.0,44,1495776.0,1744396.0,3.91
39,2012-11-09,1571557.0,45,1450971.0,1692143.0,3.91
39,2012-11-16,1563834.0,46,1443840.0,1683828.0,3.91
39,2012-11-23,2219863.0,47,2049532.0,2390194.0,3.91
39,2012-11-30,1674381.0,48,1545905.0,1802857.0,3.91
39,2012-12-07,1773589.0,49,1637501.0,1909677.0,3.91
39,2012-12-14,2020372.0,50,1865348.0,2175396.0,3.91
39,2012-12-21,2401513.0,51,2217244.0,2585782.0,3.91
39,2012-12-28,1637345.0,52,1511711.0,1762979.0,3.91
39,2013-01-04,1567497.0,1,1447222.0,1687772.0,3.91
39,2013-01-11,1486100.0,2,1372071.0,1600129.0,3.91
39,2013-01-18,1499691.0,3,1384619.0,1614763.0,3.91
40,2012-11-02,1043070.0,44,977689.0,1108451.0,3.2
40,2012-11-09,1051944.0,45,986007.0,1117881.0,3.2
40,2012-11-16,934045.0,46,875498.0,992592.0,3.2
40,2012-11-23,1114277.0,47,1044433.0,1184121.0,3.2
40,2012-11-30,1040728.0,48,975494.0,1105962.0,3.2
40,2012-12-07,1128354.0,49,1057628.0,1199080.0,3.2
40,2012-12-14,1106337.0,50,1036991.0,1175683.0,3.2
40,2012-12-21,1575532.0,51,1476776.0,1674288.0,3.2
40,2012-12-28,983853.0,52,922184.0,1045522.0,3.2
40,2013-01-04,955890.0,1,895974.0,1015806.0,3.2
40,2013-01-11,842678.0,2,789858.0,895498.0,3.2
40,2013-01-18,849906.0,3,796633.0,903179.0,3.2
41,2012-11-02,1407765.0,44,1336017.0,1479513.0,2.6
41,2012-11-09,1372226.0,45,1302289.0,1442163.0,2.6
41,2012-11-16,1361501.0,46,1292111.0,1430891.0,2.6
41,2012-11-23,1880626.0,47,1784778.0,1976474.0,2.6
41,2012-11-30,1377805.0,48,1307584.0,1448026.0,2.6
41,2012-12-07,1525316.0,49,1447577.0,1603055.0,2.6
41,2012-12-14,1687800.0,50,1601780.0,1773820.0,2.6
41,2012-12-21,2227800.0,51,2114258.0,2341342.0,2.6
41,2012-12-28,1373393.0,52,1303397.0,1443389.0,2.6
41,2013-01-04,1309564.0,1,1242821.0,1376307.0,2.6
41,2013-01-11,1189016.0,2,1128417.0,1249615.0,2.6
41,2013-01-18,1159516.0,3,1100420.0,1218612.0,2.6
42,2012-11-02,618300.0,44,563202.0,673398.0,4.55
42,2012-11-09,627785.0,45,571842.0,683728.0,4.55
42,2012-11-16,576593.0,46,525212.0,627974.0,4.55
42,2012-11-23,594442.0,47,541470.0,647414.0,4.55
42,2012-11-30,526099.0,48,479217.0,572981.0,4.55
42,2012-12-07,627964.0,49,572005.0,683923.0,4.55
42,2012-12-14,622624.0,50,567141.0,678107.0,4.55
42,2012-12-21,599604.0,51,546172.0,653036.0,4.55
42,2012-12-28,502514.0,52,457734.0,547294.0,4.55
42,2013-01-04,634808.0,1,578239.0,691377.0,4.55
42,2013-01-11,642484.0,2,585231.0,699737.0,4.55
42,2013-01-18,598656.0,3,545309.0,652003.0,4.55
43,2012-11-02,640456.0,44,611690.0,669222.0,2.29
43,2012-11-09,635542.0,45,606996.0,664088.0,2.29
43,2012-11-16,639307.0,46,610592.0,668022.0,2.29
43,2012-11-23,647538.0,47,618454.0,676622.0,2.29
43,2012-11-30,608438.0,48,581110.0,635766.0,2.29
43,2012-12-07,641844.0,49,613015.0,670673.0,2.29
43,2012-12-14,647989.0,50,618884.0,677094.0,2.29
43,2012-12-21,651660.0,51,622391.0,680929.0,2.29
43,2012-12-28,538143.0,52,513972.0,562314.0,2.29
43,2013-01-04,643129.0,1,614243.0,672015.0,2.29
43,2013-01-11,644530.0,2,615581.0,673479.0,2.29
43,2013-01-18,636956.0,3,608347.0,665565.0,2.29
44,2012-11-02,346501.0,44,331580.0,361422.0,2.2
44,2012-11-09,343419.0,45,328630.0,358208.0,2.2
44,2012-11-16,344228.0,46,329404.0,359052.0,2.2
44,2012-11-23,344495.0,47,329660.0,359330.0,2.2
44,2012-11-30,318263.0,48,304558.0,331968.0,2.2
44,2012-12-07,336386.0,49,321900.0,350872.0,2.2
44,2012-12-14,341237.0,50,326542.0,355932.0,2.2
44,2012-12-21,353305.0,51,338091.0,368519.0,2.2
44,2012-12-28,309741.0,52,296403.0,323079.0,2.2
44,2013-01-04,335592.0,1,321140.0,350044.0,2.2
44,2013-01-11,342619.0,2,327865.0,357373.0,2.2
44,2013-01-18,341414.0,3,326712.0,356116.0,2.2
45,2012-11-02,779329.0,44,722925.0,835733.0,3.69
45,2012-11-09,787550.0,45,730551.0,844549.0,3.69
45,2012-11-16,764254.0,46,708941.0,819567.0,3.69
45,2012-11-23,1111334.0,47,1030901.0,1191767.0,3.69
45,2012-11-30,826431.0,48,766618.0,886244.0,3.69
45,2012-12-07,930083.0,49,862768.0,997398.0,3.69
45,2012-12-14,1036137.0,50,961146.0,1111128.0,3.69
45,2012-12-21,1487989.0,51,1380295.0,1595683.0,3.69
45,2012-12-28,824668.0,52,764982.0,884354.0,3.69
45,2013-01-04,751390.0,1,697008.0,805772.0,3.69
45,2013-01-11,712024.0,2,660491.0,763557.0,3.69
45,2013-01-18,685674.0,3,636048.0,735300.0,3.69
